timestamp,Avalanche,Bitcoin,Bitcoin Cash,Dai,Ethereum,Ethereum Classic,Immutable,Shiba Inu,XRP
2023-12-11 00:00:00,0.15379879806966024,0.0006680149641802302,-0.006438057851170242,0.0010094250708938546,0.005081900492497127,-0.002783060819178118,0.022668313019092445,0.031939331148832295,0.0043778345264842145
2023-12-12 00:00:00,0.03929491312591615,-0.051997488092721866,-0.07769785989653322,0.007340895593698882,-0.04852980725623368,-0.0786810161645084,0.06521345870075057,-0.07349681698620003,-0.05737813272818748
2023-12-13 00:00:00,-0.026940365320006876,0.0002954489027100493,0.0008569808109069044,-0.0071797628510115175,-0.015705311245234554,0.003221774075338857,0.04348863644959872,0.0014733819706433948,-0.007018878135925277
2023-12-14 00:00:00,0.02449384131501553,0.01749293011496711,-0.002109808643036004,-0.016408523821568544,0.009987420259120583,0.00304772008181331,-0.007940534680025757,0.005140735107933558,-0.0021664654910766856
2023-12-15 00:00:00,0.002737657745893074,-0.0015557027359118791,0.003818244868444509,-0.0039795509939564155,0.02058984009319964,0.003791411750242446,0.012028652077189339,0.02380332331163526,0.0026519700302642946
2023-12-16 00:00:00,0.01693284573138243,-0.024900754084605126,-0.045673904697887124,-0.001287537550306972,-0.043636235522580336,-0.048377159294460625,-0.007671420299511844,-0.0473925939733828,-0.02823147157788508
2023-12-17 00:00:00,0.04956067560648414,0.005985153511439023,0.012630427592487337,0.0023401623785117565,0.003520058306872187,0.038111503857881424,-0.0530860301216074,0.18976015024430737,0.0072174351752005705
2023-12-18 00:00:00,-0.029539682382271337,-0.018579998868615277,-0.014909636339361043,-0.0004504899266244422,-0.011414731583519355,-0.03427930559534076,-0.07107542855047089,-0.11824466972680003,-0.014298033040292424
2023-12-19 00:00:00,0.010756512439456856,0.033420455198204024,0.012411707360277191,0.0035790961423236567,0.01100883437274014,-0.0008880162453701601,0.0163274834113607,0.014099643611372059,0.007231775898172366
2023-12-20 00:00:00,-0.024011065177246493,-0.0021993722174862285,-0.005718749864412231,0.008442695136476885,-0.010229083321094734,-0.005315538882513238,0.10387490082051987,-0.021025665421365858,-0.004850532670737984
2023-12-21 00:00:00,0.08466258124335724,0.028848430194591046,0.017045386455073697,-0.003311262336456622,0.006483700682919036,0.024215279758221797,-0.03604313052183927,0.007279672297939577,0.01615852794448891
2023-12-22 00:00:00,0.05057589354984948,-0.004256598298640668,0.006179746578871104,-0.009364514288957793,0.007847648992948209,0.013963213980773048,0.03591890923035301,0.0099101601032201,0.0017869488454982374
2023-12-23 00:00:00,-0.010237011173199306,0.00547384659363459,0.025599908953058303,0.0011700218347803215,0.041796842917607435,0.06177537427501445,0.009941084840142445,0.04768754258258401,0.004678705930143856
2023-12-24 00:00:00,0.05607036683074895,-0.005630050563460998,-0.022930201528618355,0.00034356058272333456,-0.006834230954421372,-0.01958854693643275,-0.00042510167682202615,0.015557165703298459,-0.00859949041081709
2023-12-25 00:00:00,-0.007064106619932176,-0.016841227127935454,-0.018110598692855362,-0.001115343897093446,-0.019478289025036233,-0.029921024111787986,-0.029293083243754514,-0.038366745588923834,-0.010635443063567784
2023-12-26 00:00:00,0.010887816970770459,0.01297921581115169,0.02412384217392116,-1.0080331466433279e-05,0.0019382403906167411,0.02804391143236984,-0.009087676665095412,0.03105964293874397,0.05260850989864352
2023-12-27 00:00:00,-0.08773184824099722,-0.02507578703395552,-0.024376590861541203,0.0012009660732035243,-0.018016965062084722,-0.03119664171344816,0.11581679265063988,-0.040991726722928945,-0.039161387020811844
2023-12-28 00:00:00,-0.049234226444394125,0.015280415501761624,0.13642464161493706,-0.00681191648885715,0.056972684827638176,0.08116419854149726,0.08940174159728148,0.024699995297178923,0.015654135020786164
2023-12-29 00:00:00,-0.061734877269069344,-0.019863420700994894,-0.008043085778687953,-0.0010515783009177326,-0.013532542719394414,-0.007734804598323208,-0.013988957374267696,-0.025321913145878838,-0.0014204735997846996
2023-12-30 00:00:00,0.005513634142664259,-0.01534330222748892,-0.032971167048632566,-0.001538834919815102,-0.02261402327717832,-0.010021729625121267,-0.041749874114616115,-0.022464266753472906,-0.021405734556119604
2023-12-31 00:00:00,-0.019560022316079895,0.0034617436229638088,0.06502330286930125,-0.0008883887626769393,-0.002256138239594918,-0.003784150883824111,0.011167452876518214,0.00388265820572542,-0.002089616201618405
2024-01-01 00:00:00,-0.022741227417517607,-0.0002693268937381532,-0.04662748839855446,-2.4813327296868692e-05,-0.006272767222890607,-0.01674892256990468,-0.045866763381442355,-0.012970353812740143,-0.013277466533093474
2024-01-02 00:00:00,0.08515423571078706,0.04585313823644199,0.02795615472339108,0.0008383765378718877,0.03072868169251919,0.02697230014202212,-0.040296537622639184,0.03480149820860756,0.02651204222459036
2024-01-03 00:00:00,-0.02191785416982661,0.025764204777601662,-0.027419569680668943,0.00852742750057267,0.011802504688468218,-0.013917236883838058,0.084420294134605,-0.004217370364466788,0.004262397995185019
2024-01-04 00:00:00,-0.0964027208643703,-0.042896249143732135,-0.08860311615732286,0.006825394193718637,-0.05886462404725101,-0.08853320923504793,-0.07225286387082125,-0.09540869784079398,-0.06917843151407688
2024-01-05 00:00:00,0.06301301850256813,0.043449193139188935,0.036791162991271165,0.010835740250971782,0.03855429928158216,0.03463074120640641,0.04171642837195544,0.05891497968924142,0.02070261621897007
2024-01-06 00:00:00,-0.062110985426212295,-0.002763018157729391,-0.0022044522595923155,-0.0004324591729494287,-0.0026232180625580526,-0.020090699109105437,-0.0238912351994941,-0.019704081933130446,-0.020387580108234715
2024-01-07 00:00:00,-0.05156906989128274,-0.0035785058727562102,-0.014434307551386638,0.00019870428593460332,-0.011345648299238675,-0.011237662450795938,-0.03768543469701269,-0.023210100046137327,-0.013947737654575576
2024-01-08 00:00:00,-0.02770189260939837,-0.00044587567536957806,-0.01591641452639081,-0.001777558451689032,-0.008372598662628405,-0.03319248979028622,-0.03324330676992315,-0.0657702715470938,-0.027588591423439723
2024-01-09 00:00:00,0.0676413481061342,0.06337688387973373,0.08696028803916356,-0.00014052999919833553,0.0451370483536877,0.052263702380467514,-0.004471821269485976,0.06160294377877751,0.041467400700038404
2024-01-10 00:00:00,-0.03816134522194581,-0.016834799852052384,-0.0344259613591138,0.0013669700823166764,0.005078399530376032,0.0366885864661084,-0.028403110838041035,0.005666973111450702,-0.018184336128686418
2024-01-11 00:00:00,0.11475759090298432,0.020564929971422785,0.0459004205985174,0.008081228293623788,0.10974887459613925,0.2212015306639632,0.03697539930684968,0.0467427827946274,0.06766857616396305
2024-01-12 00:00:00,0.015236537048961551,-0.01191179005015286,0.0770343821854027,-0.006574524259874259,0.006284078794784875,0.12070974833913795,0.0012134175815564086,0.00928040510670769,-0.003459610826316961
2024-01-13 00:00:00,-0.09283372430804349,-0.07762208624498612,-0.06314852210274147,0.001367621615431247,-0.03739339612204162,-0.019505960077220053,-0.029580502329557667,-0.052368802487549715,-0.05169516710613031
2024-01-14 00:00:00,0.01578858551575202,-0.0010602710250804392,-0.018655760875320837,-0.0007908384780730415,0.020164895906498614,-0.013914409056718924,0.006017501897147504,0.02777942073429429,0.005390493532808627
2024-01-15 00:00:00,-0.02718923599618961,-0.022868740475876947,-0.03333910212552915,-0.003606576672004813,-0.0373713742959314,-0.07615888857101716,0.0851031564234635,-0.02899881725669573,0.0030249388570267044
2024-01-16 00:00:00,0.011349155039747316,0.023144592307550838,0.02384071918250541,0.010645750036752943,0.01995177104162238,0.014414404085515642,0.0,0.0014909321118583563,0.005830104718125284
2024-01-17 00:00:00,0.009251934320751332,0.023196312057518043,0.012689673947061664,0.007708742447705141,0.03917521582796901,0.03428615368489396,0.007283811893348036,0.019795732048833337,0.009487044516331089
2024-01-18 00:00:00,0.015031923691180893,-0.004357780387771015,-0.02336999183514621,0.005931490129816197,-0.018144688747966597,-0.03897969295385728,-0.023211132547078017,-0.009741178412626894,-0.008128468825978175
2024-01-19 00:00:00,-0.06900906150568353,-0.03442939050592386,-0.027921438976262536,0.0002160699466458027,-0.02425560903242996,-0.06851718405605212,-0.016926427948644573,-0.033733580699766286,-0.02885723951468755
2024-01-20 00:00:00,-0.027566535291857264,0.008078243546073338,-0.004698833267999802,0.00020396124408872396,0.008875900843717588,0.03289370826028737,0.01760488596909332,0.00943168672473238,-0.014115484728456806
2024-01-21 00:00:00,0.00570309869821628,0.0006047596028189162,0.010571127423112614,1.824498969416055e-05,-0.0078044393145049185,-0.021878121592736832,0.013283758388946909,0.04120848345021244,0.01592041431201352
2024-01-22 00:00:00,-0.007561128377364668,-0.0018129405616864602,-0.007669012901569516,0.001264467199191266,-0.006022895785740445,-0.005616823889077693,0.00599307348066791,-0.0354196539190017,-0.010558419202327585
2024-01-23 00:00:00,-0.10107908154591527,-0.05051669407314385,-0.008993873157878696,-0.003146099454842677,-0.062122087060515696,-0.07278203593134336,-0.027185952766669907,-0.04774218054997181,-0.040069624042010865
2024-01-24 00:00:00,0.037037066682607644,0.009053751357113171,-0.02208479561457999,0.004877388109787439,-0.028049819304470702,0.011900881419494524,-0.036829173210113975,-0.008184252348485188,-0.014327273746959968
2024-01-25 00:00:00,0.017133117051864488,0.0024735658773185065,0.024673901188105418,-0.006692698924014806,-0.007152161072546903,-0.007471433739535627,-0.018038111152598624,0.003918381969526763,-0.0032528426461944093
2024-01-26 00:00:00,-0.023305830786569004,-0.003874896995240462,0.0028503292882646747,0.0011426009901152057,-0.006929456924199329,0.01044739893733393,,-0.004096105533852423,-0.008114562200841391
2024-01-27 00:00:00,0.06138508647023144,0.05069923712198765,0.023903689898750358,0.0037023782346539136,0.025582505134222444,0.03195366288259294,,0.022807644562816698,0.03868241167136599
2024-01-28 00:00:00,0.030418277388804427,0.006112595885731764,0.007642970603091825,-0.0009457468075311226,-0.0004244773033228455,0.0044113678505119935,0.0,0.011191319749705109,-0.003954343928679549
2024-01-29 00:00:00,0.04573304715321491,-0.0025250448471965115,-0.02834039469996341,-0.0007209192992698732,-0.005310252720413189,-0.021889091101918723,0.006196642184495227,-0.014162395950653384,-0.011824119079596684
2024-01-30 00:00:00,0.030331621208185666,0.024226502377699077,0.013945730229210085,-0.002252152136663632,0.02049770175422516,0.04513857123286158,0.009146147721166675,0.01644745519396551,0.016540843135048888
2024-01-31 00:00:00,-0.02555413776893367,-0.008193720157606776,-0.016770881446479535,-0.001201235695183378,0.013149308331575682,0.024354383181112382,-0.004487822746359893,-0.015849067922115267,-0.04608052802494278
2024-02-01 00:00:00,-0.06332448850989714,-0.011892352245576276,-0.017549305694165795,-0.005608084536883773,-0.030534731277294114,-0.04311328681046689,-0.021980754405594716,-0.017040230873561768,-0.020682858847716368
2024-02-02 00:00:00,0.017655749344610783,0.008968800492809237,0.007755648541818871,-0.000873827690750062,0.00553079586551064,-0.0008912011659152341,-0.00805125661845063,0.007254445346034366,0.004116426480974766
2024-02-03 00:00:00,0.09443977252002789,0.015344798964040507,0.011386697696730508,0.01343324188157169,0.015226433073269874,0.04238206313526227,0.017297001760036845,0.01666251967047483,0.0208520045450431
2024-02-04 00:00:00,-0.02114216605672148,-0.0044995054583729654,0.008772287638038279,-7.298934066124474e-05,-0.005526594753469283,-0.012692653088260286,,0.004991950179574545,0.017409615787135735
2024-02-05 00:00:00,-0.029368458001323816,-0.008038587875047298,-0.011938591328133796,0.0004124434269661137,-0.0012366002754173877,0.007504714531643586,,-0.022284975957926,-0.029941154384030888
2024-02-06 00:00:00,-0.009201709104143418,0.002031438894526616,0.001157713476279909,0.0012144768771431558,0.004621515522261532,-0.026589808686996008,,-0.0005631659295204372,0.006342498087351878
2024-02-07 00:00:00,-0.015341586259649986,0.004996620995999734,-0.00617590374613286,-0.004921108811935859,0.02647166275072621,0.013605719728143839,0.0,-0.0079696211522986,-0.007165553434452576
2024-02-08 00:00:00,0.033952923725379947,0.028098300386515618,0.023467740423114947,0.001594330425600532,0.022935936562754833,0.01937845984948794,0.01858441563556712,0.023146081663022677,0.017816456912973067
2024-02-09 00:00:00,0.012815740059105352,0.032529957787351904,0.02472534312142116,0.008184324610764016,0.006893896560368873,0.02663459667574486,0.017147981609641927,0.02443648285386235,0.009485044140658871
2024-02-10 00:00:00,0.07308648259338213,0.03915964399475946,0.024371043413053073,-0.0008963040524276877,0.027372020592769886,0.020681809732534973,0.01178024381565873,0.021025130455254448,0.022470387894387933
2024-02-11 00:00:00,0.05418398552285808,0.013186104100842755,-0.011014319382191218,0.0010824227528809516,0.004668340602076881,-0.012585387689826533,-0.027184014300630166,0.0019640823521784867,-0.0035710304334664045
2024-02-12 00:00:00,-0.015019669973343142,0.007814151072269127,0.10881905042777973,-0.002673079584119442,0.0012736787105804837,-0.0008208636182160944,-0.002963351557941696,-0.003685368606399564,0.0029753823131688506
2024-02-13 00:00:00,0.03480281687846798,0.03930087476003408,0.018497460916574227,0.003279582315831142,0.06083618050372408,0.049777938723702064,0.009796163328569252,0.025410512323702505,0.013304182664452213
2024-02-14 00:00:00,-0.022676197241375817,0.0021693476359629926,-0.02815278551598155,0.008705239192120295,0.0021728143935870747,-0.025878252713116723,-0.005957752452684928,-0.006307396422429612,-0.0049004140992687795
2024-02-15 00:00:00,0.05931483321783304,0.039282738387408145,0.03433401150695303,-0.0032550849741550536,0.049958380460974894,0.02262222479540199,-0.044751858316101845,0.026184697209362895,0.023390457275907828
2024-02-16 00:00:00,-0.01939019851826629,-0.0004514176538261694,-0.04053487384100407,-0.002818086657132568,0.012876644239700141,-0.005549899464156738,0.06124545191859809,0.010458655374504744,0.04083823841127732
2024-02-17 00:00:00,-0.029551882747806957,0.006090101006133608,0.017627856117441,0.0021282040846006822,-0.00481325239534236,0.0011131654011578007,0.011601928744411905,0.003236017339490971,0.00643912977866723
2024-02-18 00:00:00,-0.014341081851858561,-0.009280998738756097,-0.027587806010782145,0.0003279280264161244,-0.006722897248065962,-0.02803271431429266,-0.028701887530735215,-0.025986889818280012,-0.027210120179420372
2024-02-19 00:00:00,0.011231039874589399,0.007790768940980186,0.010342387909267003,1.4471781205394052e-05,0.02955349879593605,0.016683387780187076,0.006277018270391954,0.00922045601853494,0.011776193839847515
2024-02-20 00:00:00,-0.01766094235036597,-0.005844551087408334,0.010339076814251058,-0.0006056980524284938,0.024999334457222133,0.0333692377235657,0.003063753432645977,0.016239161936733026,0.010938518553974319
2024-02-21 00:00:00,-0.025743101077456032,0.007697620715793718,-0.028964077231620422,-0.0004918068429606848,0.02167668628066899,-0.013925402351176785,-0.0028563404739909704,-0.013660306713743076,-0.0007409469870331975
2024-02-22 00:00:00,-0.020449700541236737,-0.005637003480483571,-0.005755549448830166,0.002461152426818103,-0.009861824638543126,-0.03240530083147242,0.023943179415227556,-0.019730405420609998,-0.021824200534939386
2024-02-23 00:00:00,-0.02212418192446286,-0.009478285485368332,-0.011350273606721473,8.040658772578979e-05,-0.0003253950546877604,-0.01001972691687314,0.01991596117854183,0.0004661150516183099,-0.014595206685036999
2024-02-24 00:00:00,-0.023616588021717178,-0.009253025383689106,0.01690375231545005,-0.0004393925090253603,-0.016105016913666503,-0.014498526777584786,-0.015095049035277808,-0.0028488585385311183,-0.0116603328146212
2024-02-25 00:00:00,0.022170114491384396,0.013907569938126585,0.010131857152474666,-0.000297192161598403,0.02097646877614956,0.024490911105180757,-0.09247817039829243,0.011902918426755171,0.018382260127758343
2024-02-26 00:00:00,0.01854180164276542,0.00405444826205148,0.0018552764447150594,0.0019326721535684044,0.04121345136934629,0.041309178681881775,0.014857184927674294,0.003933418457497062,-0.0037871897363332963
2024-02-27 00:00:00,0.04803951919205218,0.051704962540142674,0.02572675710689687,-0.0013444131216022726,0.01952332735871387,0.021708688622828376,-0.01845571320294237,0.0435936409045512,0.0162580643903123
2024-02-28 00:00:00,-0.0014282351558634332,0.04488089729668232,0.06203748673656051,-3.7624672989622354e-05,0.02089731245467874,0.011085531975696838,0.027118189402405735,0.07962828292715507,0.06295262379141153
2024-02-29 00:00:00,0.0274767724831797,0.09387911905336743,0.01725289317830203,0.0017254392878838232,0.04279724321060385,0.056168037729333875,0.074851965789004,0.07378841798505853,-0.017749230994472676
2024-03-01 00:00:00,0.011051041808077144,-0.023829464214617957,-3.052191189567566e-05,-0.005774033862607553,-0.01331962889520888,-0.03127103192178993,-0.04736061798843283,0.06537481851805715,0.015010337241208482
2024-03-02 00:00:00,0.04306299014865189,0.018094367274713363,0.05589946546453284,0.0005111034991847063,0.024653225655619337,0.044961897761099934,0.019129856343243712,0.2706728195381132,0.023962205212041177
2024-03-03 00:00:00,0.036435849247640206,-0.005763703603861359,0.46409778029185844,-0.0003118425326080754,-0.002877259860667891,0.1278148919203268,0.07961633941139273,0.31817783791849674,0.06741645138171926
2024-03-04 00:00:00,-0.039008951262509584,0.015742671762406957,-0.06704021437229102,0.002613744283469721,0.0188966333065963,-0.02637952046107017,0.014674170123753605,-0.00806679820403211,-0.02657788882799572
2024-03-05 00:00:00,0.014289024489047009,0.0806803416210009,0.0009224155566478487,0.003282235895014196,0.043731962145276526,0.08149348929410571,0.036838735770790276,0.45450362365507146,0.040724543030249194
2024-03-06 00:00:00,-0.08435148103584389,-0.0618961293242819,-0.15246738378981028,-0.0026286795823962095,-0.017611841408131212,-0.05062256163902035,-0.10544386744075807,0.021374492113612753,-0.09282078219303536
2024-03-07 00:00:00,0.04070180325051176,0.0238428086789213,0.024470850541524314,-0.006026558704716578,0.06039404879090604,0.06880344852434384,0.12045631444172183,-0.08129193437623528,0.024598040880547067
2024-03-08 00:00:00,0.03296134825430741,0.0027722033238255506,0.029114365612185722,-0.00674158108192735,0.0010558567509466599,0.011449158753531918,0.12185272627283206,-0.07563801567025052,0.015683421165936018
2024-03-09 00:00:00,-0.020381219970508013,0.014369326488061773,0.0053506541562917675,-0.007405991779353194,0.0022840137808390892,-0.00137798089497565,0.01516343674040796,0.11158493259132918,-0.016931901112856806
2024-03-10 00:00:00,0.008381323598612767,0.002817535193148757,-0.0058638355381130935,2.6882193509436547e-05,0.005743496978571017,-0.0198897561912581,0.015460719294710018,-0.0075914894632092,0.0016588355774400654
2024-03-11 00:00:00,-0.027287116367498143,0.006155517704293345,-0.02671833684978253,-0.003471901497544394,-0.009418306235389196,-0.03517519485098397,0.05565954337103837,-0.07006310040138697,-0.02477389633957916
2024-03-12 00:00:00,0.15002314657600024,0.043519780227644134,0.05913143609399185,-0.0006520775824379044,0.046276642876248886,0.051118951500555454,-0.042888509925448015,0.032207027930927445,0.16430011024383262
2024-03-13 00:00:00,0.13357628916005382,-0.003509059191902253,-0.029766345160231467,0.005322651324073391,-0.01710943156472844,-0.024988406597548973,0.037410539448108654,-0.04529882315176881,-0.034618211109154196
2024-03-14 00:00:00,-0.01206241201926872,0.02285757190823645,0.020690977607706884,0.0011935697488292263,0.00761686722071353,-0.008157879377826305,0.1355812368526437,-0.005122114533549826,0.0016929232712197262
2024-03-15 00:00:00,-0.006312749961034925,-0.018938392316687924,0.0002654070487455584,0.0034688096640902444,-0.02840211993640196,-0.03661955020227303,-0.041212754901354134,0.012808229040049746,-0.025863576923349285
2024-03-16 00:00:00,0.0767885804174746,-0.022360575977867114,-0.051095992923208655,0.004016323543678091,-0.032011356239371125,-0.049198814378202727,0.03516595547546569,-0.07156291445748231,-0.04865810818914085
2024-03-17 00:00:00,-0.08751212687172938,-0.0624202521568904,-0.07106575703634554,-0.0009861143295752939,-0.06183438134632091,-0.08290253973547834,-0.08561810701165719,-0.1766932837645374,-0.05169702377795726
2024-03-18 00:00:00,0.08316594630980312,0.04646915319938927,0.03568694922315174,0.002144849713505259,0.0356653114372687,0.040804348282909686,-0.0033348865435349623,0.15599102723795255,0.027174064969126555
2024-03-19 00:00:00,0.04130409306931071,-0.009498521420308492,0.0013702658864076511,0.00030883821633320707,-0.031672733275533105,-0.014079366643652946,-0.02474702455087749,-0.08494274018998826,0.055649322834401715
2024-03-20 00:00:00,-0.10569492578098227,-0.0736702816453203,-0.10145677014910959,0.012324272818502457,-0.09376603660821381,-0.11569114118211132,-0.05211577991361163,-0.06349262237798481,-0.098664020033576
2024-03-21 00:00:00,0.06049819878775331,0.08613765155468656,0.12923976644388624,-0.0015286251775323834,0.1016596261979057,0.10082609180108904,0.08381895080399214,0.1044345115424985,0.04278644055948089
2024-03-22 00:00:00,-0.05023141618640814,-0.02847402325556203,0.017636399806214342,0.006948141948377007,-0.0005812656238770586,-0.002329764434579218,0.0006246553934361188,-0.012883816258547398,0.053068034117930374
2024-03-23 00:00:00,-0.01863497285966531,-0.03288009801642744,0.028318986873378194,-0.0024977085303516944,-0.05151206963427235,-0.04084861991885447,-8.288464970329645e-05,-0.02968533236227877,-0.05060721762201137
2024-03-24 00:00:00,0.009079576118107724,0.012156474305019316,0.06892924366022335,-0.0015008793799804465,0.00913090996654553,0.040270161839613294,-0.006989555986015181,0.030629541589965115,0.012285297774126569
2024-03-25 00:00:00,0.037029436384665715,0.044933688621718204,0.0542396559114362,0.00020950437655464782,0.028692769990875888,0.038175658554063574,0.0013369606348094948,0.028897219127062,0.02385948512451197
2024-03-26 00:00:00,0.03592969963846038,0.0390662092850107,0.010880235858312659,0.0016664615818644535,0.03878955560613484,0.01861988048214336,0.03163051075014468,0.021110512265765102,0.010712455092552808
2024-03-27 00:00:00,-0.029423134414928498,0.0031568825889323193,-0.014210053376865872,0.001647624385788582,0.0019638231406577944,0.001102237552785823,-0.03544921110487945,0.06942954735087437,-0.010168389788767662
2024-03-28 00:00:00,-0.03163339048629865,-0.011043341098499582,0.11775482910946877,-0.004680917574823695,-0.026109201263510684,-0.013430168505520257,-0.019060374001824226,-0.019645984941052852,-0.03468854266230359
2024-03-29 00:00:00,0.007261610793220186,0.019396353074466077,0.04980339667821099,0.001459667276779264,0.01680034920275908,0.023035703990906597,0.025310020602412678,0.06082018032048886,0.020139653714355
2024-03-30 00:00:00,-0.02167532311330511,-0.011979660118775826,0.08896677923334906,0.0005396935041686035,-0.013221457255852442,0.052820522445273355,0.06137994022894755,-0.03754151462164934,0.009639906497375783
2024-03-31 00:00:00,-0.008049935698645427,-0.003104781126737066,-0.04052115004896706,-9.65826150070015e-05,-0.0024019640998762526,-0.040427216106253994,0.019541140072492018,-0.0325533560885054,-0.015299911286974499
2024-04-01 00:00:00,0.02020569167838282,0.022257141901228295,0.13064570160078048,0.00031903023926460605,0.038762731000081985,0.04167377422153429,0.010577870503333614,0.029419610670379903,0.01314346599809113
2024-04-02 00:00:00,-0.04763904706627997,-0.019315422691228434,-0.04322603561610272,0.001940876768733446,-0.03685256063310227,-0.046219181402527454,-0.07012650002395815,-0.06803838127512485,-0.025766730083127243
2024-04-03 00:00:00,-0.09429554024374731,-0.06467694212843966,-0.018717314861920187,-0.0008243361494670864,-0.06921368425826202,-0.08738688522749172,-0.038884487613208576,-0.08289761767637494,-0.045376844220011314
2024-04-04 00:00:00,-0.01937070207677749,0.01082886290400964,-0.06981737836028401,0.0012651707868958084,0.013115595403688118,0.022272523640566533,0.004775307989997146,-0.00020191402501978928,-0.0165025408890056
2024-04-05 00:00:00,0.00970110434483118,0.033671670876145754,0.11161792990416863,-0.0034681627290167327,0.0024367661381266004,0.06338730175089502,0.015721768557540164,0.045577029812605474,0.02872723035414193
2024-04-06 00:00:00,-0.021354831306469535,-0.006089217760770538,-0.010161902132276524,0.00251238826013811,-0.001432153782140233,0.016081375188017333,-0.022558820879594335,-0.028457319208404996,-0.007029984289995461
2024-04-07 00:00:00,0.05816358750259276,0.014922823320205225,0.053397995897473294,0.0012506765054718372,0.012735934893907341,0.007966483872023034,0.0036393136891749167,0.024517872168131838,0.009041321451887185
2024-04-08 00:00:00,0.02018909720718476,0.006346707184903266,-0.015868354517598604,0.0009387439377865903,0.026892503406768853,0.012111595869306768,-0.006729127224312653,0.026331768719216164,0.002448636601933174
2024-04-09 00:00:00,0.017366653390887166,0.03246855114734615,-0.00446256538637968,-0.0010207530361636685,0.06886020569106144,0.05454912103943066,0.01422995635670496,0.019087326791177972,0.035682481846680325
2024-04-10 00:00:00,-0.07115816749519155,-0.03544036799080175,-0.010476898079012642,0.0010735623434952046,-0.05366832653319342,-0.0863190020968716,-0.009785100281753195,-0.04543046413457397,-0.0034385114108292925
2024-04-11 00:00:00,0.02450706928074986,0.027344806028953172,-0.0611596930214926,0.007322314497420379,0.017564726838743994,0.02693827122136838,0.05295460503539472,0.025193672347903373,0.013740425526539646
2024-04-12 00:00:00,-0.024675028584187686,-0.004304094766578004,-0.021472988777846425,0.0019232426261472924,-0.006710000680701711,0.01187296469293031,-0.007205169942500839,-0.013509414508408035,-0.01220899823696353
2024-04-13 00:00:00,-0.15512392878990866,-0.041127966046293096,-0.1385112167219127,0.000875737783474051,-0.07749979534021634,-0.13260904259267292,0.03207955647011989,-0.10425324025783311,-0.10401766755742337
2024-04-14 00:00:00,-0.1430714797690733,-0.043259759478029736,-0.10193003895970776,0.0014938153478363247,-0.07134882588712976,-0.14458289295513893,-0.0683300193861319,-0.15200129878876467,-0.13152773008306173
2024-04-15 00:00:00,0.09181809197205482,0.02050440149526267,0.09082673583758627,-0.0020001042593165153,0.04371082963079154,0.055317135032446174,0.02264467424739859,0.06482888262548148,0.04903664105980088
2024-04-16 00:00:00,-0.05770822477210835,-0.029871309939455415,-0.03441141333279063,0.004957022883400164,-0.011969754885775785,-0.014641402360380695,-0.004465735846629154,-0.02968976134823187,-0.009244975159444557
2024-04-17 00:00:00,-0.007109752420406679,0.0079064477279438,-0.03798463713948763,0.0046503537234121595,-0.0023079849775076156,-0.008059723323460943,-0.026705775133971946,0.036386858054723525,0.001192758465886179
2024-04-18 00:00:00,-0.036928617664614194,-0.04077947901631873,-0.050049328978783336,-0.0033135830070509797,-0.03573475431940487,-0.031073864711418153,-0.006340513873176579,-0.02759474325965172,-0.005607402723096122
2024-04-19 00:00:00,0.037360532702903626,0.03587764070425692,0.04051539092601786,0.0020465584305311424,0.028932665227994647,0.02848248839741352,0.032613041021296904,0.030846449963394917,0.017420011541335434
2024-04-20 00:00:00,-0.0003364631479829683,0.00865123255195499,-0.00929856104512794,0.0025923417888966682,0.0004875982110110755,0.0009044223225664894,0.0006706863261564944,0.006580886248371165,0.0036258497352434915
2024-04-21 00:00:00,0.09364452677216129,0.014053264698013379,0.07362283730655328,-0.0022298900820567624,0.02782768728749474,0.06365502003873225,0.03208876572822361,0.1357930111356067,0.047080073913313036
2024-04-22 00:00:00,-0.02983439075988592,0.0006082232734954118,-0.02463136174984193,-7.080502460787841e-06,-0.0016433413097765026,-0.015591880720064566,0.010409177808073808,0.0013511101070866616,-0.008318925099587204
2024-04-23 00:00:00,0.05693126197235543,0.030307541238599356,0.03999166408624433,0.0012302971284539055,0.017974962597397948,0.0341909324159122,0.04858520986659848,0.02442581250068354,0.06025794162958942
2024-04-24 00:00:00,-0.025087511920609984,-0.007001314922796098,-0.03269416836351269,-0.00017473571861525983,0.005505349988101926,-0.00711972435856012,0.003256589040737381,-0.005445726325830513,-0.019948888155784772
2024-04-25 00:00:00,-0.04732107170162969,-0.02923367870893756,-0.050599846736405496,0.0029194390216344956,-0.021972140802390072,-0.06253289178495258,0.006762466185393143,-0.039380858452220835,-0.03071878777388104
2024-04-26 00:00:00,-0.019831946933134503,0.0053265112648333,0.0014100224847002352,0.0024406772286056366,0.008173519502889803,0.005400710071024051,0.010235211945473882,0.004814898225156128,-0.0010651619193886575
2024-04-27 00:00:00,-0.01766704249581963,0.005214094720628282,0.023895066145287913,0.015521295411198288,0.007543336759646024,0.040528673703510876,-0.005004394943039898,-0.002969889609161669,0.01685260380608522
2024-04-28 00:00:00,0.00242778826405754,-0.004478208064757183,-0.00967609887236165,-3.731117580763055e-05,0.04001146292414148,0.02634851943144767,-0.003067573117037221,-0.016490894969606096,-0.014174953044825855
2024-04-29 00:00:00,-0.016171523822725575,-0.007051810492715305,-0.015530053585640857,0.0004644236237743016,0.0007190734898951945,0.004394268340876195,0.0034318830609580343,-0.023605961515820617,-0.01594177511145567
2024-04-30 00:00:00,0.031832256516933555,5.7441010763881195e-05,-0.022287644972847076,-0.012482055561735983,-0.02619705146735818,-0.02525180151181594,-0.02626178482681548,-0.015441409674969542,-0.002556780062891839
2024-05-01 00:00:00,-0.07073722071377908,-0.04003183035003843,-0.05998765316942212,0.009985882082523823,-0.053821183902453384,-0.07113989925140451,-0.03515740202922943,-0.06463128290392994,-0.020131250422378955
2024-05-02 00:00:00,-0.0003047193303498119,-0.056746386160209994,-0.039725974072414516,-0.016440500973486927,-0.029609764148345263,-0.013978807822763173,-0.045200124216256514,-0.00686739156921945,0.015731883036885996
2024-05-03 00:00:00,-0.0031376658744299846,-0.0002631768968477388,-0.0017509750623379006,-0.014058438123045747,-0.010351153049807493,-0.007099304251488192,-0.020181666835291434,-0.0038496649944725903,-0.009963307196902527
2024-05-04 00:00:00,0.056824286617031206,0.06090696982368726,0.05315337605027892,-0.000371939081884598,0.037459513145169154,0.04672067975848293,0.016652088605234594,0.06698940003439358,0.025207423608553547
2024-05-05 00:00:00,0.04902416474634208,0.015557541635597971,0.02213038390114086,0.0006801401517249062,0.004205965072651807,0.0017419236549738315,-0.0014981874810680723,0.0238428321200308,-0.002797798121438433
2024-05-06 00:00:00,0.0037982911841414335,0.005438766439535669,0.016133674622688332,0.002625368242331838,0.009367848235264375,0.028743300649891168,0.012568893510575052,-0.01116166414151909,0.0015053579194557187
2024-05-07 00:00:00,-0.004378154794117961,-0.010310529527938428,0.010984660528070123,0.0021777336687955895,-0.020357083687118305,-0.021072616661484744,0.0023605666622327492,-0.031132580053987446,0.023244853984694558
2024-05-08 00:00:00,-0.04366353234634879,-0.007266087500969576,0.0014676824039447922,0.005743270594101624,-0.010517107116278623,0.01032907230594482,-0.011065427294899483,-0.02991709966274314,-0.023765152299365155
2024-05-09 00:00:00,-0.03182389717406764,-0.013401875468520785,-0.04479285119672127,0.0059020742963875605,-0.008108444262751036,0.0065572962013078495,0.01741208184113295,-0.016100185583697524,-0.008112918471033126
2024-05-10 00:00:00,0.027525351215130556,0.02982938427177828,0.013981722839110589,-0.0018403074040582723,0.01967471891016359,0.01670713668986501,0.01086517702855129,0.0404836784779663,0.005068296824044971
2024-05-11 00:00:00,-0.03664200741799739,-0.03370950542377571,-0.06211578961113773,0.0029247813961106317,-0.04029411050866116,-0.04354854444808076,-0.009652442495647465,-0.0445340376476393,-0.03417337284884692
2024-05-12 00:00:00,-0.007550383251475168,-0.0018928953284138572,0.005694594854151802,-0.0003738213531683243,-0.0006490083681747194,0.0005597169156157378,0.005018876909357747,0.0021567645184408235,0.006366157168633535
2024-05-13 00:00:00,-0.008377380799007739,0.012069281023332934,0.009963932364421169,-0.00023147471304074685,0.007774570044150053,0.010903102553097455,0.005025692685829614,-0.007189768262353624,-0.0112990063929308
2024-05-14 00:00:00,-0.020412054960457837,0.024713945424512218,0.011781957219653805,0.00404822879122424,0.008517287471237367,-0.014160442110286553,-0.0012081215086066077,0.04594830767938962,0.012240275041896176
2024-05-15 00:00:00,-0.024406121377843704,-0.01918731599936052,-0.017527026766620324,0.0007917854211383357,-0.021039324586336505,-0.03526288720347459,-0.037066163415663725,-0.0132975496614689,-0.007765880745446374
2024-05-16 00:00:00,0.07840139972424787,0.05883159011564487,0.06569108949193847,-0.014031479555060677,0.0380535761362264,0.05331962031809745,0.008466349500028364,0.08084417976806701,0.02311415115229032
2024-05-17 00:00:00,0.002576421020608066,-0.007720269142307501,-0.03631225418473427,0.007310732338007497,-0.023984189698177616,0.013744533858075059,-0.010923415756637966,-0.021929471038643733,0.0014675309405580705
2024-05-18 00:00:00,0.056945314575010286,0.02873166610748612,0.04892875944348951,0.002540714927847354,0.052149231736020596,0.03995427126285378,0.014772370098214915,0.02254740691209367,0.017806805714576157
2024-05-19 00:00:00,0.01988475890607866,-0.0019044553402167708,0.01974184270272694,0.00039079106245676343,0.00809229869840955,0.00911294678454766,-0.004134300144559094,-0.01118882597868609,-0.006298368657338571
2024-05-20 00:00:00,-0.04287302627590783,-0.009423082085437073,0.019712290743727934,-0.0008805404849852039,-0.015412116544954557,-0.03451932199430274,-0.00804607766084503,-0.03666732154290919,-0.021169472719388516
2024-05-21 00:00:00,0.12429130519949538,0.07927926007143782,0.06467828446748847,0.004958051659652796,0.17840103328267531,0.16093417058821124,-0.007074951666907581,0.08975993428459628,0.05679438815609483
2024-05-22 00:00:00,0.024112075677420464,-0.018487855925059193,-0.0015976565460462666,-0.0011718133981357681,0.03557619179603577,-0.018464181800771584,-0.03973693393642916,0.0023508211188660866,-0.0014581557362021158
2024-05-23 00:00:00,-0.026082557025230102,-0.011326884614032195,-0.0283519850399081,0.003653127173353532,-0.010281433590279221,-0.04009818480469818,-0.005998852576588581,-0.02687763707015467,-0.01688714552649362
2024-05-24 00:00:00,-0.03531529005115175,-0.017150531909688738,-0.014989593952559943,0.0015958933847111112,0.007973612586527068,0.060580324799605734,-0.029918391910824044,-0.02728423596003271,0.006512286981140036
2024-05-25 00:00:00,-0.01425986596026263,0.009390173548041503,0.007806044939380641,-0.0007257036651822091,-0.010392682811692922,-0.021628202843212208,0.002649169395963241,-0.008432243307640697,0.011510387958877821
2024-05-26 00:00:00,0.007796916229183992,0.010445579621720213,-0.002430972884054583,0.00019136948433207124,0.006027496987931258,0.0035906588261109817,-0.0018734101123577263,0.025206193616964967,0.01170988444011023
2024-05-27 00:00:00,-0.04093046130472899,-0.011581132122874038,-0.01971305150046021,-0.0005771647395187429,0.01945339213136066,0.0011415553604550155,0.0012779978875692988,-0.0280770435468094,-0.025140242747291097
2024-05-28 00:00:00,0.038972135349910175,0.012707008417450538,0.010794657735340607,-6.996201472908581e-05,0.0177516333046448,0.007675386376746474,0.00620072033041702,0.047063209668177564,0.010953358234401023
2024-05-29 00:00:00,-0.0297314355644982,-0.012893223006287258,-0.037807383037472775,0.0016650656548637954,-0.011260882252296156,-0.014967327725429413,-0.0013561400969246407,0.04724896914446042,-0.00875295941413512
2024-05-30 00:00:00,-0.021557135640334124,-0.008722135314165769,-0.007091048501443709,0.0026096049528376852,-0.01766396916624835,-0.02975932713029117,0.02095376478601857,0.037469188852342405,-0.007482350942470184
2024-05-31 00:00:00,-0.008950152148583967,0.007327399998455775,-0.005032587590765303,-0.003696887937573834,-0.008806911267489781,-0.02494508489827041,-0.02800440804185325,-0.06833334402298696,-0.012231091222019153
2024-06-01 00:00:00,0.005107751983013387,-0.011129260675048158,-0.01970545838332427,0.0018395178732752981,0.00539525208911229,-0.004126808423770001,0.006426809663999944,-0.015724987969089277,0.0003273423761731564
2024-06-02 00:00:00,-0.008809031390915933,0.003393670028618345,0.017092316588843914,-1.9019246416895896e-05,0.013831716646507175,-0.0033676666335757943,0.004850400176058922,-0.0065294998288285555,4.3672105260128546e-05
2024-06-03 00:00:00,-0.024192790387633778,3.0788804391335134e-05,-0.010903370334888862,-0.0012618355235085588,-0.009118808317950311,-0.020697235343902776,0.002962894905806507,-0.027243767733564184,-0.010042542899909357
2024-06-04 00:00:00,-0.004247770848660792,0.008491721402872798,0.006876074226012108,-0.006225899727673401,-0.010855444069065356,-0.017649666706281764,0.03597698483074685,-0.015219196336520469,0.006315827973632615
2024-06-05 00:00:00,0.023450771320094432,0.01984164053819626,0.020497286048769325,-0.005445987765085647,0.006493715082042328,0.03232597663823,0.07374919055883647,0.0032156153263480647,0.005228174012175124
2024-06-06 00:00:00,0.017575815219448288,0.013236567423717815,0.043076251029065205,0.00475422023950145,0.019953990661125687,0.009164093463178702,0.03452173112802422,0.05635212260709732,0.005901471515708856
2024-06-07 00:00:00,-0.018567216740416725,-0.007724092437396024,-0.0018963262972278017,-0.0014560982110927156,-0.017051576987697104,-0.02865395037095375,0.01420470513304932,-0.02834619393416915,-0.010795189975707054
2024-06-08 00:00:00,-0.06293057566503357,-0.013783027128404512,-0.029517873943785133,0.006060599143368428,-0.02878059460842053,-0.06400036555579547,-0.03746501709275427,-0.05691165955437949,-0.03789956352477031
2024-06-09 00:00:00,-0.03652329993126102,9.08099196266221e-05,-0.01692553655030693,-0.0001309236641775513,0.0012299723325579492,-0.008255900428785878,0.004623485643158558,-0.019273659571119595,-0.011227218093892155
2024-06-10 00:00:00,0.021074003581251333,0.005737447880580504,0.010410717573408945,0.0006492360272654096,0.007049431246921145,0.004665687261359963,-0.012900233776601398,0.011759895652420305,0.011611128393166581
2024-06-11 00:00:00,-0.018889603119010445,-0.0011524875729058692,-0.010579823898364538,0.0015790194212970121,-0.00943785649762141,-0.011921544503699977,-0.07441412640700323,-0.023796850704409067,-0.002400160376491378
2024-06-12 00:00:00,-0.024300920793315584,-0.031474728802951546,-0.04919340691689378,0.0013077260550851122,-0.04681605047999682,-0.035773836750186305,-0.04297958927451301,-0.05865131205755869,-0.03357548794056697
2024-06-13 00:00:00,0.051894111430554446,0.011439228314237937,0.01641554166403303,-0.002241838511622518,0.015483561494008313,0.014898369216833629,0.02888248653178463,0.025837918636651303,0.021219857140307496
2024-06-14 00:00:00,-0.06966508635644963,-0.02058729918038793,-0.05040693082459846,0.0016055922370465936,-0.0247943288150001,-0.030913911504541147,-0.02569708750504293,-0.04612996763936472,-0.02879704529894056
2024-06-15 00:00:00,-0.019540351260069144,-0.008361689142152073,-0.018110520690674647,0.002682185943390536,0.005901606411885751,-0.0031892768929147053,0.0027089636132174855,-0.04084106832721446,-0.0030389616002945985
2024-06-16 00:00:00,-0.011028921934824965,0.002777938748440789,0.01646400321341268,-0.0012911820620606917,0.024582222428964684,0.019346193881686347,0.01292402570732648,0.023231054004390295,0.034308760567309804
2024-06-17 00:00:00,0.0014496927666662884,0.007137192379609303,-0.002918634335195236,-0.0007109280696626641,0.015599439084962086,-0.006450140720513531,-0.043448934882271084,0.008144048703904616,-0.003434372539766528
2024-06-18 00:00:00,-0.05138656916170525,-0.0016433063460041808,-0.018043121598079637,0.0016566910811857127,-0.02948724399544922,-0.05381335642451823,-0.01247291290325006,-0.07996273688293609,0.0326127441855224
2024-06-19 00:00:00,-0.06644388403502788,-0.019492480150542946,-0.0749215206781777,0.00144764647732476,-0.007672555141406079,-0.04263517078738488,-0.027141547327871496,-0.060826859856122795,-0.026579049592736048
2024-06-20 00:00:00,0.009764071275947472,-0.0024205958902818736,-0.002038136009314684,0.0006773101671608828,0.022158884282976743,0.037770291532373435,0.017744002172524254,-0.0027190161518184652,0.00537922132646429
2024-06-21 00:00:00,0.031022125905201037,0.005101415136412157,0.00994154791611912,0.006040456290700824,-0.006590935519435348,0.010701643759608359,-0.005585317553196356,0.004690852855487648,-0.0029128587575648623
2024-06-22 00:00:00,0.0016478078738746404,-0.00709001258307751,-0.01336999194365518,0.004961056278314224,0.006495679388171638,-0.016120344668177466,0.0013625138305086715,-0.006668735609189902,0.005012120076223425
2024-06-23 00:00:00,-0.06843807261997625,0.0032490563122635763,0.02477094234729904,0.00011330795170216845,-0.005672697467165477,-0.006459894117718079,-0.00023595248747654285,0.00846223374281685,-0.004239154792706756
2024-06-24 00:00:00,-0.02152650752850427,-0.01538328916887366,-0.027653199016208774,0.0005980709604997969,-0.021628802782503342,-0.03213398354895247,-0.013208327505073003,-0.026750340001791884,-0.014502623962322048
2024-06-25 00:00:00,-0.00916661066790958,-0.047684422220509504,-0.04644827832945708,-0.0005879518355316193,-0.01939260978845425,0.015571077284064927,-0.02446003708345168,-0.02449510538912225,-0.011229738355279295
2024-06-26 00:00:00,0.022109723931592384,0.02325410325623878,0.06447648791138327,0.0008886912589218809,0.011525626709765646,0.020648418255571954,0.019260564669370484,0.03697781742329376,0.002772618254560655
2024-06-27 00:00:00,0.021299479496653007,-0.010699239440921104,-0.03395111335126444,0.004866796556477482,-0.0027249483027915744,0.013010763160130168,-0.03740118101112688,-0.030168866193072574,-0.00696905185972696
2024-06-28 00:00:00,0.0774570324814281,0.013632868388139485,0.040304301801015185,0.0012641307883827224,0.022951394625701838,0.016349355348806327,0.010500661064729022,0.02465195734701453,0.011255767315780929
2024-06-29 00:00:00,0.00243355135786949,-0.019081869927855877,-0.006830668455879874,0.0004871526962499928,-0.018680956816051975,-0.026890334340109234,-0.017972411727300575,-0.0320448553639352,-0.006704789966293312
2024-06-30 00:00:00,-0.007053731880855452,0.009033552536546807,-0.013419087982329714,-0.00012017054107804626,-0.0009863504695726277,-0.011853562541560336,0.006563092097749135,-0.00485655968675669,0.0019384485060420786
2024-07-01 00:00:00,0.05623535367065635,0.030161683310808485,0.03456440618305301,0.00038257273140196446,0.018718612662457446,0.024473112855087464,0.016346655613834804,0.020941274773890406,0.00787301529150497
2024-07-02 00:00:00,-0.013000247251822472,0.004919672253116403,-0.021053837924137397,0.0032843928268206923,0.00434180523576444,-0.01608247986695588,-0.004300408502410813,-0.005425460337045607,0.005599364463064305
2024-07-03 00:00:00,-0.00670289548678582,-0.012277202047528135,-0.006484740318105864,0.0005488828587871808,-0.005693900489387005,0.0020913500894703674,-0.029338005457209493,0.00901137376674388,0.016805104239191238
2024-07-04 00:00:00,-0.07659750517431085,-0.02845200059598696,-0.021561565706662122,0.0024715112634066116,-0.03541996855673091,-0.029443758337530213,-0.03256668400624174,-0.04893409085468203,-0.03600540302396915
2024-07-05 00:00:00,-0.08120313297806447,-0.05370679673752221,-0.119368445430581,-0.0029898405499482195,-0.07294271285674725,-0.08133415642962305,-0.08270204377463225,-0.11455236866746255,-0.07521757514615235
2024-07-06 00:00:00,0.022998543975299768,-0.011811390395550347,-0.02132630213219322,-0.004640440863124873,-0.03189161713326705,-0.03072037979788611,-0.03973034830901534,0.017837816617851665,-0.02332153149560856
2024-07-07 00:00:00,0.08699922764674817,0.02586923447666578,0.05049683190496701,0.00024120270447003378,0.02699364159622597,0.04461343667539097,0.0562742674495989,0.1492942184273911,0.05366229019265134
2024-07-08 00:00:00,-0.06755949493729752,-0.04198618109020913,-0.09433285141037828,-0.0006539246672421228,-0.04644504134726013,-0.07251924254258313,-0.03870275454639871,-0.11676897092617633,-0.0689524129365342
2024-07-09 00:00:00,-0.01510683959623016,0.01538632772619053,0.0664757684772237,0.0014423293299756779,0.030369505005001685,0.03405131497515157,0.03829766829534392,0.04630686145363505,0.030053705768181338
2024-07-10 00:00:00,0.04893594274919266,0.026142586238357524,-0.0037768913042128816,0.00252312554530576,0.019104551183046325,0.014573485070254577,0.01439039528283581,0.014149325864447171,0.013006624834857483
2024-07-11 00:00:00,-0.02261577787832536,-0.0031025591977105194,0.031054197090206515,0.001981435112600849,0.013405690141956583,0.020444494805296642,0.016802393802390903,0.004126743037889291,0.008971194456103504
2024-07-12 00:00:00,-0.042480012446398874,-0.025686824566260924,-0.0009679157964388452,-0.02167213856016481,-0.021286465641114916,-0.036428980041996795,-0.015049910987511905,-0.03232938332865842,0.0032335523165851754
2024-07-13 00:00:00,0.025466376523645806,0.005399247230808868,0.055286918664615214,-0.0015351412758937144,0.008238668289077822,0.03440095706127266,-0.1789106298610687,0.01328090356154732,0.05213157039875771
2024-07-14 00:00:00,-0.0030580975737279914,0.021480440741179052,0.020733360871645345,-0.0010111334419606877,0.012914503141230327,0.0426752575914886,-0.002522734832398399,0.03683712701617026,0.10363644834924113
2024-07-15 00:00:00,0.025028647385513025,0.03299980872981223,0.006196278125715438,0.0038807261742039856,0.027829319536420982,0.011951505557467712,0.030068508415870943,0.035764048051096786,-0.003298224671961947
2024-07-16 00:00:00,0.050359611547037275,0.06108653301147626,0.0590549283115962,0.0005012175056213763,0.06917298787697845,0.05647506279430203,0.07039521874200022,0.08971461664083158,0.025987456965499867
2024-07-17 00:00:00,0.008570341561592087,0.00575298053366069,-0.03256664433395606,-0.0001717670215795053,-0.011320574076743029,-0.013119893563768414,-0.01582861631905913,0.0003975186993976365,0.07439046144877448
2024-07-18 00:00:00,-0.04613724562954857,-0.03370305208735758,-0.048943459826281455,-0.01848832852203408,-0.034604943946135336,-0.044857013798745626,-0.02718012627851718,-0.0545603726726398,0.06283306575085401
2024-07-19 00:00:00,0.005596734788481328,0.007602460456684668,0.03001242240101476,0.009894057875638573,0.02155495504758065,0.012128071633870974,0.012248864571165807,-0.058111392208088475,-0.08691622660798881
2024-07-20 00:00:00,0.03973823264907317,0.04390414860649017,0.024135014007082845,0.002929207541313872,0.024503038921167786,0.028928456430827865,0.04290906567943015,0.02696416841429894,0.010725498555746782
2024-07-21 00:00:00,0.033683442106580586,0.007714914029772757,0.010291838169836254,0.0004131257959736345,0.005002161246224546,0.012884244537456624,-0.0013349246706181872,0.016845174089633375,0.03571055791476763
2024-07-22 00:00:00,0.11155535847392883,0.01202027708022868,0.011280687267010592,-0.0008724733504159587,0.001905095699690662,0.008891716304834318,0.002773690755427105,0.004069795697716039,0.003986588498928967
2024-07-23 00:00:00,-0.023620222716504102,-0.0097345302607863,-0.03992408683951609,-0.0026266082894990106,-0.02846994620778176,-0.032002218354309164,-0.015321785336310068,-0.03784236408741748,0.012969416945297851
2024-07-24 00:00:00,-0.07394625563940416,-0.03221596962562501,-0.0587652981512079,-0.00796318634746207,0.0039355298036571895,0.019700899728631427,-0.022493408838129614,-0.037533005187635915,-0.022605774858361016
2024-07-25 00:00:00,-0.06311438432259386,-0.020580435313362955,-0.024004680292936342,-0.012435842023639232,-0.055064191383637606,-0.06592540680869163,-0.02138811536174423,-0.028739655952928267,0.02086358351312434
2024-07-26 00:00:00,-0.04231275122804945,0.0038446284568358635,-0.003179783544513981,-0.0009406920967132137,-0.051406565395234693,-0.035408116596329364,-0.011199748569523882,-0.02485993466207148,-0.032044382942577165
2024-07-27 00:00:00,0.051875098915587614,0.033139445849005966,0.04361883022964719,0.000867435045115883,0.03303609346336778,0.03777546189068026,0.01707329599333718,0.03492774757222161,0.007371156491410069
2024-07-28 00:00:00,-0.01927791028052006,0.001922250549110771,0.03906023601336983,-0.0008764122754580939,-0.007282590873799677,-0.0029879057320805202,0.008946671592213629,0.005717922764226557,-0.01010617264070035
2024-07-29 00:00:00,-0.02484002344730385,0.005113035781150188,0.06168388139932013,0.0032922066171563458,0.007959639528937856,-0.007493079482314258,-0.003983368723441627,-0.014696661865825078,0.009108514384179145
2024-07-30 00:00:00,-0.011355224117357565,-0.023503544347228456,0.05236691774931401,-0.0014775961561896978,0.011683734680810076,0.0074658864216505805,-0.04483883630513352,-0.009727112037129615,-0.0024605856067028142
2024-07-31 00:00:00,-0.037699708308014834,-0.01655885645042332,-0.024350726732340178,-0.00964800598648985,-0.0203888950924469,-0.035819000940930934,0.008886573850902746,-0.022965090481328332,0.033976204236283
2024-08-01 00:00:00,-0.04294755396435157,-0.0426525876243673,-0.06085288118797649,-0.016457296643804575,-0.03262155327373151,-0.03940146687433099,-0.029275509192270732,-0.04873679569581668,-0.024193456983641504
2024-08-02 00:00:00,-0.004818011698688451,0.006810876848057035,-0.007230303932063364,-0.0060148783846187825,-0.012570450117335596,-0.014104797619692633,-0.014160373025220885,-0.012431867559054233,-0.04891074112293037
2024-08-03 00:00:00,-0.10348705422521753,-0.07955913845391649,-0.1002276978293164,-0.01695755014003275,-0.08866170318553834,-0.08365222568966413,-0.0680776421182,-0.09230531229378158,-0.07888370551773871
2024-08-04 00:00:00,-0.038059261881524975,-0.010946850556123877,-0.042834409216192526,0.000578741108930636,-0.02600681188668119,-0.02550998901805368,-0.024247599594526936,-0.02688460223436362,-0.008413691050829009
2024-08-05 00:00:00,-0.07499608514260991,-0.05312396115420448,-0.10297064467955686,-0.007304648144769388,-0.08738990949673742,-0.04627277363776461,-0.07145790287097675,-0.074809288416545,-0.06684602942320428
2024-08-06 00:00:00,-0.07972009268606506,-0.07231099896680071,-0.06401265237549936,-0.002656921361866793,-0.10469999829178533,-0.06477365323784223,-0.06786721741479795,-0.0021942190865278377,-0.06570987989468335
2024-08-07 00:00:00,0.056743590830555135,0.03003403252363057,0.0052988276004501955,-0.004100888403975489,0.00994792046780546,0.014862259278252132,0.030316638140700736,0.004207169961809143,0.021524489101627076
2024-08-08 00:00:00,-0.04052129161876028,-0.006622894781591171,0.0027050608338221593,0.008835760733926001,-0.03864213261401872,0.01039991124434092,-0.005158967052722563,-0.034987688927686555,0.19020412149408195
2024-08-09 00:00:00,0.14787628261542007,0.12771485431675877,0.13861970813664648,0.012370483191426196,0.1488607267273494,0.10158720210726901,0.09313289304659189,0.11872045333219461,0.0334461469007703
2024-08-10 00:00:00,-0.04979330219052791,-0.02229421211557181,-0.02537664935515771,-0.007853464622897377,-0.03821031831385291,-0.029109355058881903,-0.03561841573614577,-0.027574975773342558,-0.06687520225249877
2024-08-11 00:00:00,-0.008766714926712993,-0.00047671696641415906,0.01814586090508108,0.0008393621848794552,0.0021780488002853815,-0.0016008144766672672,0.021229259541838963,0.005488511495449266,0.007001349799974577
2024-08-12 00:00:00,-0.05236558603377439,-0.03267199460037418,-0.06793382891096833,0.001420420134422784,-0.016796297125249993,-0.04791506805950263,-0.029676159658882373,-0.04807371862071719,-0.05596855941092915
2024-08-13 00:00:00,0.04068870548669423,0.009300737247768254,0.06924927929544822,-6.322470837449856e-05,0.06365445066179021,0.04054432010246689,0.028434269695711722,0.03820990958653958,0.028111036769382203
2024-08-14 00:00:00,0.005767330225785017,0.02026650169008981,-0.006033171583288421,0.0005602283880588033,-0.009278079596095168,-0.0010401065049459035,0.007488357512996147,-0.0032790913395537302,0.01307712379036996
2024-08-15 00:00:00,-0.018942245489050435,-0.028750311549430307,-0.03877714774138674,0.001164654639023155,-0.012737528080455363,-0.014765542258138531,0.00849920306655838,-0.016807686094547414,-0.011194675829727885
2024-08-16 00:00:00,-0.027516197110257323,-0.0057830752125198615,0.002446267953779113,0.01337167850227683,-0.02245742083484714,-0.0028915583699147263,0.00788522687912696,-0.012490673738046354,0.00012885069436574526
2024-08-17 00:00:00,0.0017966723906663873,0.010875213203306089,0.0006042895158024919,-0.010241199337388984,-0.0017224180642294584,-0.0005991323718381736,-0.025517542213512323,-0.015915638454607084,-0.005716310730230489
2024-08-18 00:00:00,0.013299515746734158,0.00927828879910031,0.008211067305847308,0.0004414031253370254,0.008026439647474959,0.00025473614662097077,0.04907328935965738,0.012146273529683782,0.003949374448614762
2024-08-19 00:00:00,0.007904065954930317,-0.014953137190421018,-0.021849024798250127,-0.0002839058794945615,0.0026194473918419448,-0.007106011000383106,-0.017547582216727253,-0.006465054987649488,-0.0015523870467877288
2024-08-20 00:00:00,0.014208187972228004,0.010750652591958954,0.007667959062471752,-0.005030537851562933,0.0012056799632347293,0.01316424216803469,0.04479650087770759,-0.00030181131585482746,0.05146406145234028
2024-08-21 00:00:00,0.037041185844859825,-0.018508067038814247,-0.018828734874670516,-0.0118980608967858,-0.03473212066143816,-0.014161334031998152,0.010606402311738705,0.01145539875124868,-0.0177915582601873
2024-08-22 00:00:00,0.052507371286505844,0.03343761869376216,0.03921323863667503,0.00014851797852255544,0.01974871801372302,0.03001137601866599,-0.013074769712587808,0.030656655133401323,0.008852236248441336
2024-08-23 00:00:00,0.07817031191294355,-0.005094089253873335,-0.00040003285409007105,0.0067253234577036025,0.0049313512108533075,0.007242278147582049,0.03445386461982636,0.003983484688632188,0.0030760536528013915
2024-08-24 00:00:00,0.03935055105240792,0.04668001568816571,0.04059777917292351,-0.01071014510669599,0.03955046676360041,0.0434198777517798,-0.05158555131955522,0.07245116482058211,0.008372276900010078
2024-08-25 00:00:00,0.021209224629572532,0.0016765878930691258,-0.004256898680635501,-5.658187431212269e-05,0.0016580175487010962,0.0018889965925099617,-0.020046907909732292,0.021596584600181323,0.006026094438315255
2024-08-26 00:00:00,-0.007779913438060504,-0.0010164602755118324,-0.02457442962404066,-0.004307478942292775,-0.0109350490696567,-0.030532099543788327,-0.015308534894677317,-0.035048725077497345,-0.027135681840873005
2024-08-27 00:00:00,-0.036132269463404754,-0.017424010326426043,-0.03559257873998156,0.003226985942152538,-0.019176962626266558,-0.026914603320681074,-0.03719814691419565,-0.02883347333489894,-0.01627007903113764
2024-08-28 00:00:00,-0.07942375449939654,-0.06012716434095999,-0.05706666639748548,-0.004136144681840648,-0.09167264376992179,-0.06639261288418119,-0.03272376637170149,-0.06543357515102866,-0.03885742533368486
2024-08-29 00:00:00,-0.02083284486885084,-0.004673590795732707,-0.003479016765906451,0.002964956014547937,0.03105847519828764,0.01880441620638784,0.008298169182627824,0.01004985264062519,0.007517624788468069
2024-08-30 00:00:00,-0.023132354239576713,0.009289976962429947,0.0034936206130460334,0.005293517860030406,0.0034936911851044528,-0.00315738090034845,-0.007838931707005892,0.018857386027955947,-0.010621439688404344
2024-08-31 00:00:00,0.02734498265919605,0.005462863943197505,0.017981409236133672,0.008603237258113516,0.009136056252716074,0.01579414556439751,0.0008029227826628071,0.004737756050265496,0.019111068042973578
2024-09-01 00:00:00,-0.022353300832428147,-0.003455934367005753,-0.009650543237894382,-0.0003373884167494623,-0.005820702582287396,-0.010197048176983081,-0.003866435200874929,-0.013856694997476993,-0.002869678766915129
2024-09-02 00:00:00,-0.05818186165978645,-0.025990598216377947,-0.02877466668247841,0.0018902724024894013,-0.032157354372181146,-0.04079067996794894,-0.03472669054014588,-0.04794875879804561,-0.029931149620149533
2024-09-03 00:00:00,0.04292177434321687,0.03243166343656867,0.037472947269071355,0.0020119890823551145,0.04481785381247505,0.037243517647025826,0.02584365913716813,0.039296532751918356,0.03644960869961
2024-09-04 00:00:00,-0.05624488266226457,-0.038295991070068425,-0.05689247287737409,-0.012186430808589499,-0.05031011874198299,-0.04403806179087777,-0.01897919746168697,-0.05223459450091106,-0.02827937412422976
2024-09-05 00:00:00,0.011364573417635526,-0.004503060364461575,0.006739663788009054,-0.011088837576550326,-0.008303661981793553,0.009650901837156667,-0.03909149455386107,0.021899667425946845,-0.011987611288271971
2024-09-06 00:00:00,-0.023652079783188285,-0.0321909094995565,-0.02474126077419747,-0.0003683749716802964,-0.033119252839419744,-0.025791031168924228,-0.011352560032776737,-0.028015697916143445,-0.02474125603215871
2024-09-07 00:00:00,-0.01859488338345372,-0.04751078144676946,-0.04922414152037469,-0.006877935594895135,-0.07010118047287506,-0.025147881420126694,-0.03534852695005197,-0.03684804088615401,-0.05016171472915065
2024-09-08 00:00:00,0.031076938933740195,0.004352464343595486,0.01676453162245295,0.0006304160861194674,0.021899583353748753,0.01857815118020767,0.0079335763699373,0.0039924303782044035,0.006803615183821776
2024-09-09 00:00:00,0.06266410535489264,0.012699719373964413,0.018886743891737723,-0.00045104616781710405,0.011299992867453312,0.01804325547481156,0.020102621806379894,0.01691332005623636,0.008007902634903807
2024-09-10 00:00:00,0.035103660791151015,0.045565828844933876,0.059695953704810734,0.005732944016807018,0.032338475918905374,0.02898927788691097,0.03795383079298509,0.04102701608065207,0.025951567978602874
2024-09-11 00:00:00,0.012787529007335152,0.003610019013574828,0.01583245231432784,-0.005740484874109164,0.006176350786663676,0.006325852481290362,-0.00029764456224656843,-0.0053495780586061414,-0.0038466968651391653
2024-09-12 00:00:00,-0.04052454232288305,-0.0016191946072083852,0.026746976682861856,0.0023436344171363643,-0.01706030048251783,-0.00467191067431294,0.018590311631157874,-0.017993200869311998,-0.00797288248079564
2024-09-13 00:00:00,0.019882379167384556,0.003968620694305258,-0.02201062560587097,-0.00901330310674453,0.00021647794082468863,-0.0036028789608746337,0.007079428236413388,0.010146232611714545,0.041559997268540094
2024-09-14 00:00:00,0.034831348403253415,0.03804103060384634,0.004057251460045208,-0.003836901298932105,0.029548131341142536,0.011949392969450301,0.011339733715491018,0.029458774085372674,0.013855333083956367
2024-09-15 00:00:00,0.014690861688002599,-0.010306471413127127,-0.026313121281122065,-0.00024287421898172568,-0.011176183566611542,-0.013221874143459544,-0.004985287737063526,-0.018254607946039947,0.039532130731052106
2024-09-16 00:00:00,-0.05976639715566101,-0.013361145159644039,-0.0326617276310337,3.3356318937194374e-05,-0.04040223737983517,-0.04279637721131735,-0.030839911088637373,-0.02518142984122118,-0.0434074443775021
2024-09-17 00:00:00,-0.014875130682895588,-0.017011653064852084,-0.015168276725459506,-0.0006309356323770388,-0.011830870618851463,-0.004716755023681962,0.0,-0.016219504783161476,0.02506736717489133
2024-09-18 00:00:00,0.019481551867084335,0.043719310870162786,0.01564670282808578,0.008493181884727363,0.028007318946976056,0.022083478882729324,0.023925680522601134,0.017855047702457938,0.007299098648377189
2024-09-19 00:00:00,0.03698425738435063,0.02341068921646894,0.03490517410492977,0.006450017143839304,0.013831950350310152,0.020879730481110137,0.029594265045225332,0.03056069546230411,0.005720296596759766
2024-09-20 00:00:00,0.08376815945670302,0.02610061034386746,0.05119351845118736,0.0006273608887328308,0.04435994858703829,0.029044848301357895,0.011543104501865797,0.035644843064387643,0.004929506839535414
2024-09-21 00:00:00,0.04014320315938491,0.009683505036775841,-0.0065984307306923284,0.007219335577026698,0.0439096557944616,0.01726008258141043,0.016560291323390763,0.022988016032424063,0.002906030983205632
2024-09-22 00:00:00,0.0114061425684433,0.0035849472220021994,0.028650939889290683,-0.0014549929227296587,0.021268497444829393,0.020876676813993633,0.029520729882941743,0.043400084824760654,0.021315686109156573
2024-09-23 00:00:00,-0.018977968028098147,0.0040140273921736025,-0.006425761664386798,0.002052782220980376,-0.011026716367201317,-0.02388703814694626,0.004021643321055035,-0.029524236956588013,-0.015942152981095248
2024-09-24 00:00:00,0.0009360304508128081,-0.006224552798741456,-0.0037020082996050974,-0.0029244585559622394,0.0227126029664646,0.008333560004135876,0.023428962607217163,-0.005690815839683339,-0.006929766489414568
2024-09-25 00:00:00,0.03215755713755719,0.010971387517514586,0.010313590625610658,-0.004616862843564995,-0.002599667294008512,0.011229959142950996,-0.0035075585111586927,0.01886989870791478,0.0060337238794394565
2024-09-26 00:00:00,-0.029177855793532714,-0.0066171252285016635,-0.0002012518256773177,0.013092408237914022,-0.01684528768931237,0.005654869130585105,-0.015387791997760747,0.03772101094109992,-0.0009101374492637149
2024-09-27 00:00:00,0.06711105196623812,0.03320325486411235,0.02659163102500628,0.0012025476094228438,0.02246047252685024,0.05304604031315918,0.01843017283507209,0.20537254346294365,0.01275382944771053
2024-09-28 00:00:00,0.024866480708306327,-0.010053604726763865,-0.0003946427051157997,-0.019584328777366267,0.005097676995433176,0.006574887018346409,-0.005431574822637675,0.06778792573996562,-0.021644065546555957
2024-09-29 00:00:00,-0.03681315353353831,0.0021727827920337006,-0.015731541559858897,-0.0005364518779673588,-0.006683827002897047,-0.012991387090707462,-0.00638537444489129,-0.03331237898474626,0.04301610919195831
2024-09-30 00:00:00,-0.00415985601703639,0.0009632479062418042,0.003599798968041412,0.004945045857715158,-0.00230258573119535,-0.0006216245713126511,-0.008911890989449,-0.012420869508052768,0.04894539795407926
2024-10-01 00:00:00,-0.044170242427036044,-0.032074702192694815,-0.03857920881483601,0.00607150992496841,-0.0185519142020123,-0.04539774039947009,-0.048152142014190824,-0.09224762777002127,-0.044381402279890736
2024-10-02 00:00:00,-0.06623468875711502,-0.037677392227191575,-0.059588775398704996,-0.0005635843197868695,-0.05720742814248503,-0.053237494829825316,-0.026980932891914167,-0.06658289702970599,-0.022418854506639718
2024-10-03 00:00:00,-0.0004403581553127367,0.015554070437190148,0.013500905066118563,0.02020341099146794,-0.01675097117095703,-0.007717905566781091,0.008747168407817196,0.008644424089800928,-0.08417074298090998
2024-10-04 00:00:00,-0.02799246080853912,0.003085543128790391,0.013938051786112737,0.0010140443357578022,-0.005415538622596472,0.032372548034946824,0.005255106684874722,-0.011332692153787072,-0.03049360542788726
2024-10-05 00:00:00,0.07584717498382432,0.03512550300074935,0.02753022925544535,0.013326560072167482,0.041661054441863854,0.02816296021990361,0.027932315981388345,0.09437911684871114,0.037512177864107876
2024-10-06 00:00:00,-0.02118255170475969,0.00015778608071315148,-0.009105469428744684,0.000174584428159541,-0.0002906775732700595,-0.012116660744157848,0.014231793604614351,0.002832645756389418,-0.009388568799279184
2024-10-07 00:00:00,0.04740583929272546,0.012316615968440914,0.008736112365067328,0.00031349212732667553,0.010332291261949678,0.010913515454364031,0.03344686959409737,0.038641569473393034,0.007580741837377225
2024-10-08 00:00:00,-0.01806077560776842,-0.013371424621020367,-0.006371081198652817,-0.00629953716812004,-0.011492989221249417,-0.014186135181155635,-0.0070461238873275045,-0.03888565712563086,-0.011315804836439014
2024-10-09 00:00:00,-0.007587261958006408,-0.0013810417348913973,0.015321686529755851,0.0018257364037443935,0.00795525411229292,-0.012754763365854238,0.01933513177335955,-0.014904373629936352,0.0014804708540294698
2024-10-10 00:00:00,-0.015347936569110487,-0.018961477707737373,-0.018621669096418714,0.006400436645518148,-0.02380700716569173,-0.0053162737696546,-0.013135470077817235,-0.012110185239242455,-0.005043646405457736
2024-10-11 00:00:00,-0.0005067200175901121,-0.0101073160907994,0.0038910627485861937,-0.0026948275844151937,0.0025139233123052662,-0.0002869772605835763,-0.026745191530001655,-0.015052386671836615,0.007256707389372785
2024-10-12 00:00:00,0.06165122293411329,0.039016832289679115,0.015160687392036465,0.002939636752965491,0.025557632129695307,0.02482141735814558,0.01735441462706666,0.05526468038493171,0.01908160659096314
2024-10-13 00:00:00,0.04366472826414736,0.012984727292831622,0.00820211401675408,0.0002156193638320758,0.01705575895568856,0.011269881056525932,0.005436937924599317,0.012582963846647033,0.0022732024680491847
2024-10-14 00:00:00,0.01880148704012896,-0.005915181791920077,-0.025228684113713484,0.0006126112962157038,-0.004262406242535377,-0.012052935725238356,-0.0022278290693125147,-0.015099391717170896,-0.014565459694733995
2024-10-15 00:00:00,0.0006885339528643897,0.05388207008266832,0.13677411733795175,0.0029239709517208112,0.06736398519698561,0.05228684525661187,0.02797846354640543,0.06597478058391548,0.03343320821163864
2024-10-16 00:00:00,-0.03561050512661268,0.010053096158760155,-0.037196163385541325,-0.0035492608533047587,-0.01376893005322799,-0.01142369565782353,0.004536235689801549,-0.03236185549999515,-0.015893240822974164
2024-10-17 00:00:00,-0.0017479320333126935,0.01290400914989931,0.0325664274352917,0.0027647036586868623,0.006413342979962877,0.005498916872783255,0.014072638347867983,0.023813747128820673,0.01556943438321845
2024-10-18 00:00:00,-0.024862992006713824,-0.0013896960369734757,0.014036434006245102,0.003661696756480204,5.302103564375216e-05,-0.014834569681049459,-0.00684564656602471,-0.018056767894764292,-0.004450217961576186
2024-10-19 00:00:00,0.026993764913733287,0.012982516320914073,-0.010075774360748468,-0.0034887992587817607,0.011491584577209224,0.013968426000865897,0.008494666342542923,0.03006907899875788,0.0014752774633111088
2024-10-20 00:00:00,-6.400769185255228e-05,-0.001121598930396317,-0.009249302867388565,-0.00028033833267393504,0.002577969890028342,0.026973491059161248,-0.007464215180333578,0.013402322967522196,-0.004099502165921365
2024-10-21 00:00:00,0.027838737478663944,0.008592944806363079,0.014959160209540912,7.694809271363567e-05,0.034720895294855225,0.01211549231788922,-0.005711888176783919,-0.004301745332337958,0.004369206314132512
2024-10-22 00:00:00,-0.03261979376116031,-0.015864640186737944,-0.007153635881209652,0.0069111860134576375,-0.02142435636936213,-0.029334451169209963,0.01984329598783552,-0.0249804016367694,0.003326078454112924
2024-10-23 00:00:00,-0.002607475329750031,0.0027322097424118397,-0.01533508659262317,0.003185018279260099,-0.014087807648650141,-0.01593359550482809,0.0036467713782463163,-0.009618983573836282,-0.01696243629075944
2024-10-24 00:00:00,-0.020334136048733242,0.0005018758389567779,-0.014868142434272258,0.010917157820711232,-0.026666528694532232,-0.011061092643506854,-0.020087843276691886,-0.014913309477434744,-0.004106398810844958
2024-10-25 00:00:00,-0.0032389102580943074,0.016279216834842458,0.04703117300159754,-0.005669423165881149,-0.0016125748478401647,0.006496692943861682,0.010648464131971735,0.014630298963433042,0.005318526768909315
2024-10-26 00:00:00,-0.07878416185882209,-0.020605696115730154,-0.050256332012024174,0.0059117064405898034,-0.042492588227206696,-0.03688181528539225,-0.029375226328335113,-0.0856796793403225,-0.05674364073736893
2024-10-27 00:00:00,0.02583102869542664,0.00647438283149171,-0.0001544985276087374,-0.003258482321292888,0.02337378711177962,0.004044299835356924,0.015240834963667127,0.02943199112024608,0.02286424855235225
2024-10-28 00:00:00,0.017705306902421114,0.018245710247040137,0.01588158745315127,0.004254620525505182,0.015089274379967321,0.015201461467571065,0.0011278499923401686,0.017253615779701192,0.01197141316457806
2024-10-29 00:00:00,0.02253422385715176,0.029049653746067605,0.039465400275261686,0.0018997482447415948,0.024766886812432887,0.032863333185779275,0.03521472672264936,0.05766285509233082,0.006840244725340838
2024-10-30 00:00:00,0.022650183306073046,0.041713240464982704,0.054719473239003946,0.0019337787714750476,0.028916339865848073,0.024268507157637842,0.010035727019565788,0.04786838686096573,0.01851876307484801
2024-10-31 00:00:00,-0.025150617967934608,-0.00622570679183454,-0.04273713186764638,-0.0021044098917073484,0.006983478789727826,0.0002487346532697998,-0.018153826422199426,-0.034898458698509494,-0.0113429846984765
2024-11-01 00:00:00,-0.054444250016407736,-0.037984425118335,-0.041542914349390614,-0.00982780087865276,-0.0640998167728899,-0.054463391612922685,-0.039337897689100454,-0.03720793897254193,-0.035565388303270495
2024-11-02 00:00:00,-0.0018049619891904456,-0.0034738836249665894,-0.015700298663544388,0.009100176450123065,0.006995824758524449,0.0010129894816479634,0.0017746354188934443,-0.011515921819526653,0.01571742850311253
2024-11-03 00:00:00,-0.02862811344420102,-0.003007949593875736,0.00983808957951915,1.904774324223979e-05,-0.008984790105124318,-0.019552986031442288,-0.008462417269973987,-0.009668394711084716,-0.0066049907111400685
2024-11-04 00:00:00,-0.02731781091340224,-0.011743299508481186,-0.04120164292533346,-0.005060588136506006,-0.018457985059045612,-0.02260748105378596,-0.029049340673855784,-0.03350880301755588,-0.01792350806232612
2024-11-05 00:00:00,-0.036872600720318616,-0.01540645914004557,-0.03479986981617955,0.0004173854555267198,-0.02576926748570152,-0.011567306768688113,-0.0041652766677451325,-0.00733494887878372,-0.0008654066379705228
2024-11-06 00:00:00,0.04937650308636954,0.018156303536564167,0.035409907354550185,-0.006066285566807217,0.0066307981157951446,0.030057927824206132,0.014346288585447842,0.05425244999859302,0.015216191952293734
2024-11-07 00:00:00,0.1381685054922297,0.10488546996504766,0.11773225293135248,0.018474401146002073,0.13422358536592327,0.09448955772027201,0.060766768179018604,0.08524069804269008,0.0743721727174469
2024-11-08 00:00:00,0.005336164032071267,-0.0031126062100952367,-0.009936524485175013,-0.008079959618506827,0.05416941314482493,0.02302898619957361,0.0045053944666011425,-0.004659873077289767,0.013704838563609378
2024-11-09 00:00:00,0.043392057241202764,0.004573054832210488,-0.0026459834528296255,-0.001990764802909162,0.0197320290453451,0.005412051390710104,-0.003649657583670307,-0.007836308695968519,-0.0032773930825547026
2024-11-10 00:00:00,0.04860759754346766,0.0007855112077663762,0.06845167573082023,-0.0022178373659462736,0.055269352239708525,0.056585959244531026,0.0388738148624137,0.06610938048142945,0.005740446935110555
2024-11-11 00:00:00,0.06174670251289349,0.05044914096497166,0.09091456675766985,0.0037870796892809366,0.021170492015537334,0.06750114545921093,0.011117127236579538,0.25134705458413986,0.057431500829059345
2024-11-12 00:00:00,0.10981120716264847,0.10070187211907111,0.0709094621887445,0.001855788451291751,0.059114384948221854,0.055158857565801966,0.05813759119231798,0.06664786782209742,0.05354682826861179
2024-11-13 00:00:00,-0.028947464554290647,0.0030220979706605533,-0.07252557399070092,0.010160487148570319,-0.02665155818394105,-0.05175141716008547,-0.05318010503951409,-0.02739904597789966,0.14738818425748956
2024-11-14 00:00:00,-0.029017252706022845,0.029920650459200004,0.011066485601125109,0.0042111534202602385,-0.016194568905973483,-0.03251556095906771,0.0005254186499387137,-0.03253530035768559,-0.025437997930120915
2024-11-15 00:00:00,-0.053484714780099196,-0.027794734089276574,-0.05135640268276909,0.006201958699772803,-0.035420142013695255,-0.007373221519095807,-0.007866629570770223,-0.09970963614989703,0.12007811075476038
2024-11-16 00:00:00,0.044404710200627306,0.025942364941826668,0.0255475355608219,-0.013042995617856157,-0.002680965145378522,0.04009617115293551,-0.007190930345783553,0.0749318057487196,0.12667153993138758
2024-11-17 00:00:00,0.06188704390866384,-0.0037621841943042966,0.07009902103772703,0.0004540702478426084,0.012835277926628308,0.15184650431691615,-0.05602640384482016,-0.03121193341799966,0.23159712541985567
2024-11-18 00:00:00,-0.011633657385754503,-0.007366800767446335,-0.06688874114155752,0.0012502498520454708,-0.017681245389772116,-0.034779572251915525,-0.003541447699210165,0.008420732610596282,-0.055691867021749
2024-11-19 00:00:00,0.017668552278067295,0.007972029686939663,0.04561631479093897,-0.0008106453319109974,0.042899089274364144,0.055902512766778045,0.006680500864938099,0.002363060150124774,0.05394133462439665
2024-11-20 00:00:00,-0.028220102539405545,0.019602757988817388,-0.010231684085034942,0.0002863905414320911,-0.029718604098066592,-0.04085253198951122,-0.0050848626095505445,-0.0008387232243425302,-0.015535657590686647
2024-11-21 00:00:00,-0.014750039104692192,0.025147015236267833,-0.008663796537330626,0.005497956969694684,-0.008123632785116186,-0.024791567975563922,-0.012931848765931009,-0.031482238586183264,0.009365073180635619
2024-11-22 00:00:00,0.05418198843210931,0.03697403748669714,0.09024710738876962,-0.00786930871430691,0.08276421658385047,0.06845239536499825,0.01622882629386524,0.027569423330118248,0.09967125726811243
2024-11-23 00:00:00,0.18753513511394004,0.008378845759484221,0.009787575823860806,0.0033988244872356077,-0.007267051795755819,0.0366674650962846,0.018316542723483376,0.02739852124449893,0.17420360230672483
2024-11-24 00:00:00,-0.038016293445393146,-0.012727680661811291,0.03925312972909367,0.00037735768770463807,0.01968968123317616,0.04195780621086165,0.03794063879260945,0.020956478227844855,0.0026222013726284743
2024-11-25 00:00:00,0.011638566262952565,-0.0003579601247771791,0.008677871524444214,-0.002728609118315184,-0.011289016347232561,-0.028367800476083005,0.0006096680619650519,-0.011528259040599842,-0.026621621043524613
2024-11-26 00:00:00,-0.014712938733543623,-0.05105417915367738,-0.045984222948982634,-9.129049470413264e-05,0.01574631845568497,0.03407559950693262,-0.027251834414822595,-0.036312341715277974,-0.011095622600829635
2024-11-27 00:00:00,0.02077512985703045,-0.020227683619083336,-0.008416852145398224,-0.008132401634227016,-0.035812079864422586,-0.058205321554499534,-0.048870269786331355,-0.026337758670120337,-0.01880434955953625
2024-11-28 00:00:00,0.018420081630450724,0.03152423157345652,0.0444342577078114,-0.012247596615114986,0.08551429489073925,0.14171645533746258,-0.012388632348584339,0.04331599275611442,0.03914772730388094
2024-11-29 00:00:00,-0.02505634762735376,-0.0043485158868321605,-0.016390440779922244,-0.0005818274018771774,-0.024618555550022236,-0.03392288495669682,-0.04717090553565473,-0.009780159364221497,0.03879971238261515
2024-11-30 00:00:00,0.03831373801583915,0.00920575369733001,0.003494367629826911,-0.008665975916578361,-0.004068915894611891,-0.008171683827411513,-0.008427915433608546,0.013126737476309991,0.1567138543447415
2024-12-01 00:00:00,-0.0005867373935615205,-0.009626542893514056,0.01148024203165221,-0.00030806188648302424,0.03064261860311568,0.022271300030926255,-0.01383404936889332,0.026722287331504724,0.06969976493775576
2024-12-02 00:00:00,0.006951153236572694,0.00900768832298482,0.012743528707375162,0.00040140553089784703,0.00047043455917794574,0.014917467721501154,0.0013099211038249958,0.1413574841724854,0.16533446067137803
2024-12-03 00:00:00,0.1390070658558198,-0.017512404684499217,0.011013552899148848,-0.0010935467073416305,-0.01933943433851404,0.01637081559606024,-0.020212931496332964,-0.03642911936555926,0.16789975382904299
2024-12-04 00:00:00,-0.016772944501145304,0.0025255897516949233,0.08087010305939657,-0.0005836697007088887,-0.005065773056488254,0.03190972558192584,0.13595172347599493,-0.03681281606342779,-0.06761747218637826
2024-12-05 00:00:00,0.036063826556716805,0.03583814776980532,0.005575383669286893,0.005250278972288136,0.06387108620126725,0.0812196339151221,0.004752065749743961,0.14176687357443019,-0.06897788659050441
2024-12-06 00:00:00,-0.04398604350742019,-0.019659497559789685,0.010272293784623798,-3.778924709330056e-05,-0.013674469392128685,-0.05326610062618542,-0.029496462933363943,-0.07249375402211022,-0.042992874246079005
2024-12-07 00:00:00,0.037925644530295344,0.026431168679717842,0.04666111478361579,-0.002778996119622512,0.05385192744537726,0.07353146823869317,0.009001214627360032,0.005659670206370038,0.06799063602966182
2024-12-08 00:00:00,-0.017232784895600872,-0.0019228687119223764,-0.01576364125622476,-0.0019577208597212348,-0.003177978071263965,-0.031589587696275956,0.028511082714584024,0.0386006031099031,0.07008927845631518
2024-12-08 03:07:45,0.0011092168575039807,,,,,,,,
